"11 UMi b";"229.27453750000";"71.823900000000";"0.0047500000000";"0.0047500000000";"";"";"";
"14 And b";"352.82255833333";"39.236197222222";"0.0050700000000";"0.0050700000000";"";"";"";
"14 Her b";"242.60130833333";"43.817644444445";"0.0048500000000";"0.0048500000000";"";"";"";
"16 Cyg B b";"295.46655000000";"50.517522222222";"0.0054700000000";"0.0054700000000";"";"";"";
"18 Del b";"314.60806250000";"10.839286111111";"0.0064600000000";"0.0064600000000";"";"";"";
"1RXS1609 b";"242.37625000000";"-21.082777777778";"3.0000000000000";"3.0000000000000";"";"";"";
"24 Sex b";"155.86820833333";"-0.9022444444444";"0.0071800000000";"0.0071800000000";"";"";"";
"24 Sex c";"155.86820833333";"-0.9022444444444";"0.0071800000000";"0.0071800000000";"";"";"";
"2M J044144 b";"70.437083333334";"23.030944444444";"0.0700000000000";"0.0700000000000";"";"";"";
"2M1207 b";"181.88945833333";"-39.548333333333";"0.0600000000000";"0.0600000000000";"";"";"";
"30 Ari B b";"39.240587500000";"24.648063888889";"0.0100100000000";"0.0100100000000";"";"";"";
"4 Uma b";"130.05341250000";"64.327936111111";"0.0049800000000";"0.0049800000000";"";"";"";
"42 Dra b";"276.49640833333";"65.563480555556";"0.0050800000000";"0.0050800000000";"";"";"";
"47 Uma b";"164.86655833333";"40.430255555556";"0.0054800000000";"0.0054800000000";"";"";"";
"47 Uma c";"164.86655833333";"40.430255555556";"0.0054800000000";"0.0054800000000";"";"";"";
"47 Uma d";"164.86655833333";"40.430255555556";"0.0054800000000";"0.0054800000000";"";"";"";
"51 Peg b";"344.36658750000";"20.768833333333";"0.0056300000000";"0.0056300000000";"";"";"";
"55 Cnc b";"133.14921250000";"28.330819444444";"0.0090400000000";"0.0090400000000";"";"";"";
"55 Cnc c";"133.14921250000";"28.330819444444";"0.0090400000000";"0.0090400000000";"";"";"";
"55 Cnc d";"133.14921250000";"28.330819444444";"0.0090400000000";"0.0090400000000";"";"";"";
"55 Cnc e";"133.14921250000";"28.330819444444";"0.0090400000000";"0.0090400000000";"";"";"";
"55 Cnc f";"133.14921250000";"28.330819444444";"0.0090400000000";"0.0090400000000";"";"";"";
"6 Lyn b";"97.696283333333";"58.162633333333";"0.0077700000000";"0.0077700000000";"";"";"";
"61 Vir b";"199.60131250000";"-18.311197222222";"0.0061300000000";"0.0061300000000";"";"";"";
"61 Vir c";"199.60131250000";"-18.311197222222";"0.0061300000000";"0.0061300000000";"";"";"";
"61 Vir d";"199.60131250000";"-18.311197222222";"0.0061300000000";"0.0061300000000";"";"";"";
"70 Vir b";"202.10753750000";"13.778786111111";"0.0075000000000";"0.0075000000000";"";"";"";
"81 Cet b";"39.424166666667";"-3.3961750000000";"0.0103100000000";"0.0103100000000";"";"";"";
"AB Pic b";"94.803804166667";"-58.054311111111";"0.0084400000000";"0.0084400000000";"";"";"";
"BD-082823 b";"150.19883750000";"-9.5166805555556";"0.0133800000000";"0.0133800000000";"";"";"";
"BD-082823 c";"150.19883750000";"-9.5166805555556";"0.0133800000000";"0.0133800000000";"";"";"";
"BD-10 3166 b";"164.61991666667";"-10.770386111111";"0.0478200000000";"0.0478200000000";"";"";"";
"BD-17 63 b";"7.1429416666667";"-16.226344444444";"0.0130900000000";"0.0130900000000";"";"";"";
"BD14 4559 b";"318.39996666667";"14.689386111111";"0.0136600000000";"0.0136600000000";"";"";"";
"BD20 2457 b";"154.18693333333";"19.891380555556";"0.0274900000000";"0.0274900000000";"";"";"";
"BD20 2457 c";"154.18693333333";"19.891380555556";"0.0274900000000";"0.0274900000000";"";"";"";
"beta Pic b";"86.821200000000";"-51.066513888889";"0.0053600000000";"0.0053600000000";"";"";"";
"CoRoT-1 b";"102.07988333333";"-3.1021333333333";"0.0220000000000";"0.0220000000000";"";"";"";
"CoRoT-10 b";"291.06373333333";"0.7461083333333";"0.0700000000000";"0.0700000000000";"";"";"";
"CoRoT-11 b";"280.68727916667";"5.9376944444444";"0.0160000000000";"0.0160000000000";"";"";"";
"CoRoT-12 b";"100.76567500000";"-1.2964222222222";"0.0600000000000";"0.0600000000000";"";"";"";
"CoRoT-13 b";"102.72113333333";"-5.0864277777778";"0.0410000000000";"0.0410000000000";"";"";"";
"CoRoT-14 b";"103.42418333333";"-5.5360250000000";"0.0650000000000";"0.0650000000000";"";"";"";
"CoRoT-2 b";"291.77706666667";"1.3837166666667";"0.0150000000000";"0.0150000000000";"";"";"";
"CoRoT-3 b";"292.05527083333";"0.1218388888889";"0.0150000000000";"0.0150000000000";"";"";"";
"CoRoT-4 b";"102.19464583333";"-0.6727722222222";"0.0150000000000";"0.0150000000000";"";"";"";
"CoRoT-5 b";"101.27725416667";"0.8152388888889";"0.0190000000000";"0.0190000000000";"";"";"";
"CoRoT-6 b";"281.07252500000";"6.6631944444445";"0.0240000000000";"0.0240000000000";"";"";"";
"CoRoT-7 b";"100.95612500000";"-1.0630333333333";"0.1060000000000";"0.1060000000000";"";"";"";
"CoRoT-7 c";"100.95612500000";"-1.0630333333333";"0.1060000000000";"0.1060000000000";"";"";"";
"CoRoT-8 b";"291.58851250000";"1.4264361111111";"0.0320000000000";"0.0320000000000";"";"";"";
"CoRoT-9 b";"280.78670833333";"6.2041361111111";"0.0280000000000";"0.0280000000000";"";"";"";
"CT Cha b";"166.03787500000";"-76.455383333333";"10.000000000000";"10.000000000000";"";"";"";
"DP Leo b";"169.31666666667";"17.961416666667";"10.000000000000";"10.000000000000";"";"";"";
"eps Eridani b";"53.232683333333";"-9.4582611111111";"0.0094800000000";"0.0094800000000";"";"";"";
"eps Tau b";"67.154162500000";"19.180430555556";"0.0101100000000";"0.0101100000000";"";"";"";
"Fomalhaut b";"344.41269583333";"-29.622236111111";"0.0096700000000";"0.0096700000000";"";"";"";
"gamma 1 Leo b";"154.99344583333";"19.841258333333";"0.2954300000000";"0.2954300000000";"";"";"";
"gamma Cephei b";"354.83687083333";"77.632275000000";"0.0043200000000";"0.0043200000000";"";"";"";
"GJ 1214 b";"258.82891666667";"4.9638055555556";"10.000000000000";"10.000000000000";"";"";"";
"GJ 3021 b";"4.0528250000000";"-79.851180555555";"0.0049700000000";"0.0049700000000";"";"";"";
"GJ 317 b";"130.24683333333";"-23.456472222222";"0.0600000000000";"0.0600000000000";"";"";"";
"GJ 436 b";"175.54622500000";"26.706569444444";"0.0251200000000";"0.0251200000000";"";"";"";
"GJ 674 b";"262.16644166667";"-46.895191666667";"0.0170800000000";"0.0170800000000";"";"";"";
"GJ 676A b";"262.54668333333";"-51.636977777778";"0.0130300000000";"0.0130300000000";"";"";"";
"GJ 832 b";"323.39156250000";"-49.009005555556";"0.0100900000000";"0.0100900000000";"";"";"";
"Gj 849 b";"332.41810833333";"-4.6407277777778";"0.0243800000000";"0.0243800000000";"";"";"";
"Gl 179 b";"73.023862500000";"6.4765388888889";"0.0374900000000";"0.0374900000000";"";"";"";
"Gl 581 b";"229.86177083333";"-7.7222805555556";"0.0272100000000";"0.0272100000000";"";"";"";
"Gl 581 c";"229.86177083333";"-7.7222805555556";"0.0272100000000";"0.0272100000000";"";"";"";
"Gl 581 d";"229.86177083333";"-7.7222805555556";"0.0272100000000";"0.0272100000000";"";"";"";
"Gl 581 e";"229.86177083333";"-7.7222805555556";"0.0272100000000";"0.0272100000000";"";"";"";
"Gl 649 b";"254.53687916667";"25.744161111111";"0.0118900000000";"0.0118900000000";"";"";"";
"Gl 86 b";"32.608058333333";"-50.823725000000";"0.0048600000000";"0.0048600000000";"";"";"";
"Gliese 876 b";"343.31972500000";"-14.263700000000";"0.0329700000000";"0.0329700000000";"";"";"";
"Gliese 876 c";"343.31972500000";"-14.263700000000";"0.0329700000000";"0.0329700000000";"";"";"";
"Gliese 876 d";"343.31972500000";"-14.263700000000";"0.0329700000000";"0.0329700000000";"";"";"";
"Gliese 876 e";"343.31972500000";"-14.263700000000";"0.0329700000000";"0.0329700000000";"";"";"";
"GQ Lup b";"237.30060000000";"-35.651097222222";"10.000000000000";"10.000000000000";"";"";"";
"HAT-P-1 b";"344.44510416667";"38.674952777778";"0.6419200000000";"0.6419200000000";"";"";"";
"HAT-P-11 b";"297.70936250000";"48.080855555556";"0.0089700000000";"0.0089700000000";"";"";"";
"HAT-P-12 b";"209.38950000000";"43.493527777778";"0.1800000000000";"0.1800000000000";"";"";"";
"HAT-P-13 b";"129.88255416667";"47.352036111111";"0.0477200000000";"0.0477200000000";"";"";"";
"HAT-P-13 c";"129.88255416667";"47.352036111111";"0.0477200000000";"0.0477200000000";"";"";"";
"HAT-P-14 b";"260.11614166667";"38.242205555556";"0.0204600000000";"0.0204600000000";"";"";"";
"HAT-P-15 b";"66.248058333334";"39.460641666667";"0.0160000000000";"0.0160000000000";"";"";"";
"HAT-P-16 b";"9.5731750000000";"42.463125000000";"0.0598000000000";"0.0598000000000";"";"";"";
"HAT-P-17 b";"324.53638333333";"30.488727777778";"0.0333000000000";"0.0333000000000";"";"";"";
"HAT-P-17 c";"324.53638333333";"30.488727777778";"0.0333000000000";"0.0333000000000";"";"";"";
"HAT-P-18 b";"256.34646250000";"33.012491666667";"0.0230000000000";"0.0230000000000";"";"";"";
"HAT-P-19 b";"9.5167166666667";"34.711544444445";"0.0160000000000";"0.0160000000000";"";"";"";
"HAT-P-2 b";"245.15148750000";"41.048083333333";"0.0093900000000";"0.0093900000000";"";"";"";
"HAT-P-20 b";"111.91645416667";"24.336491666667";"0.0140000000000";"0.0140000000000";"";"";"";
"HAT-P-21 b";"171.27495000000";"41.027958333333";"0.0140000000000";"0.0140000000000";"";"";"";
"HAT-P-22 b";"155.68162083333";"50.128341666667";"0.0216300000000";"0.0216300000000";"";"";"";
"HAT-P-23 b";"306.12385000000";"16.762163888889";"0.0160000000000";"0.0160000000000";"";"";"";
"HAT-P-24 b";"108.82508333333";"14.262608333333";"0.0150000000000";"0.0150000000000";"";"";"";
"HAT-P-25 b";"48.435416666667";"25.197411111111";"0.0300000000000";"0.0300000000000";"";"";"";
"HAT-P-26 b";"213.15640416667";"4.0600361111111";"0.0150000000000";"0.0150000000000";"";"";"";
"HAT-P-3 b";"206.09410416667";"48.028661111111";"0.1030000000000";"0.1030000000000";"";"";"";
"HAT-P-4 b";"229.99136250000";"36.229661111111";"0.0676500000000";"0.0676500000000";"";"";"";
"HAT-P-5 b";"274.40541250000";"36.621355555556";"0.1450000000000";"0.1450000000000";"";"";"";
"HAT-P-6 b";"354.77419166667";"42.465975000000";"0.0274100000000";"0.0274100000000";"";"";"";
"HAT-P-7 b";"292.24734166667";"47.969516666667";"0.0424300000000";"0.0424300000000";"";"";"";
"HAT-P-8 b";"343.04109166667";"35.447108333333";"0.0480000000000";"0.0480000000000";"";"";"";
"HAT-P-9 b";"110.16866250000";"37.140602777778";"0.1710000000000";"0.1710000000000";"";"";"";
"HD 100777 b";"173.96467916667";"-4.7556972222222";"0.0097600000000";"0.0097600000000";"";"";"";
"HD 10180 c";"24.473233333333";"-60.511527777778";"0.0054300000000";"0.0054300000000";"";"";"";
"HD 10180 d";"24.473233333333";"-60.511527777778";"0.0054300000000";"0.0054300000000";"";"";"";
"HD 10180 e";"24.473233333333";"-60.511527777778";"0.0054300000000";"0.0054300000000";"";"";"";
"HD 10180 f";"24.473233333333";"-60.511527777778";"0.0054300000000";"0.0054300000000";"";"";"";
"HD 10180 g";"24.473233333333";"-60.511527777778";"0.0054300000000";"0.0054300000000";"";"";"";
"HD 10180 h";"24.473233333333";"-60.511527777778";"0.0054300000000";"0.0054300000000";"";"";"";
"HD 101930 b";"175.87546250000";"-58.006886111111";"0.0089200000000";"0.0089200000000";"";"";"";
"HD 102117 b";"176.21025833333";"-58.703708333333";"0.0067100000000";"0.0067100000000";"";"";"";
"HD 102195 b";"176.42621666667";"2.8214833333333";"0.0111400000000";"0.0111400000000";"";"";"";
"HD 102272 b";"176.59806250000";"14.123986111111";"0.0176600000000";"0.0176600000000";"";"";"";
"HD 102272 c";"176.59806250000";"14.123986111111";"0.0176600000000";"0.0176600000000";"";"";"";
"HD 102956 b";"177.84380000000";"57.640736111111";"0.0059800000000";"0.0059800000000";"";"";"";
"HD 103197 b";"178.22074583333";"-50.292822222222";"0.0096900000000";"0.0096900000000";"";"";"";
"HD 104067 b";"179.79170833333";"-20.353780555556";"0.0076300000000";"0.0076300000000";"";"";"";
"HD 104985 b";"181.31299166667";"76.905733333333";"0.0044300000000";"0.0044300000000";"";"";"";
"HD 106252 b";"183.37295416667";"10.041638888889";"0.0095600000000";"0.0095600000000";"";"";"";
"HD 10647 b";"25.622150000000";"-53.740833333333";"0.0049200000000";"0.0049200000000";"";"";"";
"HD 10697 b";"26.232604166667";"20.083150000000";"0.0087600000000";"0.0087600000000";"";"";"";
"HD 107148 b";"184.80621250000";"-3.3197888888889";"0.0086300000000";"0.0086300000000";"";"";"";
"HD 108147 b";"186.44278750000";"-64.022088888889";"10.000000000000";"10.000000000000";"";"";"";
"HD 108874 b";"187.61201250000";"22.879827777778";"0.0100900000000";"0.0100900000000";"";"";"";
"HD 108874 c";"187.61201250000";"22.879827777778";"0.0100900000000";"0.0100900000000";"";"";"";
"HD 109246 b";"188.02995416667";"74.489552777778";"0.0079500000000";"0.0079500000000";"";"";"";
"HD 109749 b";"189.31824166667";"-40.812116666667";"0.0124900000000";"0.0124900000000";"";"";"";
"HD 110014 b";"189.81152916667";"-7.9955638888889";"0.0074600000000";"0.0074600000000";"";"";"";
"HD 111232 b";"192.21564166667";"-68.425150000000";"0.0062700000000";"0.0062700000000";"";"";"";
"HD 114386 b";"197.66592916667";"-35.054783333333";"0.0137000000000";"0.0137000000000";"";"";"";
"HD 114729 b";"198.18440416667";"-31.873350000000";"0.0085900000000";"0.0085900000000";"";"";"";
"HD 114762 b";"198.08226250000";"17.517122222222";"0.0109000000000";"0.0109000000000";"";"";"";
"HD 114783 b";"198.18244166667";"-2.2650388888889";"0.0125500000000";"0.0125500000000";"";"";"";
"HD 11506 b";"28.210558333333";"-19.506975000000";"0.0073400000000";"0.0073400000000";"";"";"";
"HD 11506 c";"28.210558333333";"-19.506975000000";"0.0073400000000";"0.0073400000000";"";"";"";
"HD 117207 b";"202.33797500000";"-35.570997222222";"0.0074700000000";"0.0074700000000";"";"";"";
"HD 117618 b";"203.10648333333";"-47.271363888889";"0.0083100000000";"0.0083100000000";"";"";"";
"HD 118203 b";"203.51057500000";"53.728527777778";"0.0080600000000";"0.0080600000000";"";"";"";
"HD 11964 b";"29.290025000000";"-10.242427777778";"0.0081800000000";"0.0081800000000";"";"";"";
"HD 11964 c";"29.290025000000";"-10.242427777778";"0.0081800000000";"0.0081800000000";"";"";"";
"HD 11977 b";"28.733879166667";"-67.647302777778";"0.0042900000000";"0.0042900000000";"";"";"";
"HD 121504 b";"209.32182500000";"-56.040041666667";"0.0073200000000";"0.0073200000000";"";"";"";
"HD 122430 b";"210.59492500000";"-27.429772222222";"0.0071500000000";"0.0071500000000";"";"";"";
"HD 125595 b";"215.34660833333";"-40.393947222222";"0.0109500000000";"0.0109500000000";"";"";"";
"HD 125612 b";"215.22297916667";"-17.481519444444";"0.0141600000000";"0.0141600000000";"";"";"";
"HD 125612 c";"215.22297916667";"-17.481519444444";"0.0141600000000";"0.0141600000000";"";"";"";
"HD 125612 d";"215.22297916667";"-17.481519444444";"0.0141600000000";"0.0141600000000";"";"";"";
"HD 12661 b";"31.142866666667";"25.414305555556";"0.0077600000000";"0.0077600000000";"";"";"";
"HD 12661 c";"31.142866666667";"25.414305555556";"0.0077600000000";"0.0077600000000";"";"";"";
"HD 126614 b";"216.70116666667";"-5.1777805555556";"0.0104400000000";"0.0104400000000";"";"";"";
"HD 128311 b";"219.00233750000";"9.7465194444444";"0.0080000000000";"0.0080000000000";"";"";"";
"HD 128311 c";"219.00233750000";"9.7465194444444";"0.0080000000000";"0.0080000000000";"";"";"";
"HD 129445 b";"221.51276666667";"-68.762750000000";"0.0105200000000";"0.0105200000000";"";"";"";
"HD 130322 b";"221.88636250000";"-0.2814750000000";"10.000000000000";"10.000000000000";"";"";"";
"HD 131664 b";"225.02531666667";"-73.535336111111";"0.0084200000000";"0.0084200000000";"";"";"";
"HD 13189 b";"32.417383333333";"32.316436111111";"0.0109500000000";"0.0109500000000";"";"";"";
"HD 132406 b";"224.22771250000";"53.382166666667";"0.0076100000000";"0.0076100000000";"";"";"";
"HD 134987 b";"228.36945000000";"-25.309347222222";"0.0093400000000";"0.0093400000000";"";"";"";
"HD 134987 c";"228.36945000000";"-25.309347222222";"0.0093400000000";"0.0093400000000";"";"";"";
"HD 136418 b";"229.77575833333";"41.733205555556";"0.0062200000000";"0.0062200000000";"";"";"";
"HD 13931 b";"34.197412500000";"43.772994444444";"0.0084900000000";"0.0084900000000";"";"";"";
"HD 139357 b";"233.81749583333";"53.922144444444";"0.0051000000000";"0.0051000000000";"";"";"";
"HD 141937 b";"238.07311250000";"-18.436063888889";"0.0103200000000";"0.0103200000000";"";"";"";
"HD 142 b";"1.5799000000000";"-49.075191666667";"0.0049300000000";"0.0049300000000";"";"";"";
"HD 142022 A b";"242.56260000000";"-84.231611111111";"0.0064600000000";"0.0064600000000";"";"";"";
"HD 142415 b";"239.41996250000";"-60.200258333333";"0.0076100000000";"0.0076100000000";"";"";"";
"HD 143361 b";"240.45978333333";"-44.434536111111";"0.0116900000000";"0.0116900000000";"";"";"";
"HD 145377 b";"242.90185416667";"-27.078172222222";"0.0113700000000";"0.0113700000000";"";"";"";
"HD 145457 b";"242.51630833333";"26.742750000000";"0.0063500000000";"0.0063500000000";"";"";"";
"HD 1461 b";"4.6744500000000";"-8.0530000000000";"0.0095900000000";"0.0095900000000";"";"";"";
"HD 147018 b";"245.75060833333";"-61.688761111111";"0.0074100000000";"0.0074100000000";"";"";"";
"HD 147018 c";"245.75060833333";"-61.688761111111";"0.0074100000000";"0.0074100000000";"";"";"";
"HD 147513 b";"246.00537500000";"-39.192980555556";"0.0082500000000";"0.0082500000000";"";"";"";
"HD 148156 b";"247.07201250000";"-46.317622222222";"0.0115200000000";"0.0115200000000";"";"";"";
"HD 148427 b";"247.11729583333";"-13.399638888889";"0.0090000000000";"0.0090000000000";"";"";"";
"HD 149026 b";"247.62341250000";"38.347308333333";"0.0066900000000";"0.0066900000000";"";"";"";
"HD 149143 b";"248.21270833333";"2.0848305555556";"0.0139500000000";"0.0139500000000";"";"";"";
"HD 149382 b";"248.59722500000";"-4.0144500000000";"0.0207100000000";"0.0207100000000";"";"";"";
"HD 152079 b";"253.37390000000";"-46.332955555556";"0.0149500000000";"0.0149500000000";"";"";"";
"HD 153950 b";"256.12862916667";"-43.309769444444";"0.0135700000000";"0.0135700000000";"";"";"";
"HD 154345 b";"255.65168333333";"47.081880555556";"0.0051600000000";"0.0051600000000";"";"";"";
"HD 154672 b";"257.52046666667";"-56.449266666667";"0.0084900000000";"0.0084900000000";"";"";"";
"HD 154857 b";"257.81550833333";"-56.680794444444";"0.0071000000000";"0.0071000000000";"";"";"";
"HD 155358 b";"257.39423750000";"33.355855555556";"0.0060600000000";"0.0060600000000";"";"";"";
"HD 155358 c";"257.39423750000";"33.355855555556";"0.0060600000000";"0.0060600000000";"";"";"";
"HD 156411 b";"259.96416250000";"-48.549319444444";"0.0083800000000";"0.0083800000000";"";"";"";
"HD 156668 b";"259.41870833333";"29.227227777778";"0.0097800000000";"0.0097800000000";"";"";"";
"HD 156846 b";"260.14296666667";"-19.333725000000";"10.000000000000";"10.000000000000";"";"";"";
"HD 159868 b";"264.74802500000";"-43.145513888889";"0.0132100000000";"0.0132100000000";"";"";"";
"HD 16141 b";"38.833033333333";"-3.5606027777778";"0.0118600000000";"0.0118600000000";"";"";"";
"HD 16175 b";"39.257962500000";"42.062633333333";"0.0078900000000";"0.0078900000000";"";"";"";
"HD 162020 b";"267.65982500000";"-40.318350000000";"0.0211000000000";"0.0211000000000";"";"";"";
"HD 16417 b";"39.244200000000";"-34.577977777778";"0.0045400000000";"0.0045400000000";"";"";"";
"HD 164604 b";"270.77888750000";"-28.560644444445";"0.0175400000000";"0.0175400000000";"";"";"";
"HD 164922 b";"270.62859166667";"26.313002777778";"0.0053500000000";"0.0053500000000";"";"";"";
"HD 167042 b";"272.63183333333";"54.286552777778";"0.0048800000000";"0.0048800000000";"";"";"";
"HD 16760 b";"40.588808333333";"38.618666666667";"0.0267000000000";"0.0267000000000";"";"";"";
"HD 168443 b";"275.01638333333";"-9.5957222222222";"0.0076800000000";"0.0076800000000";"";"";"";
"HD 168443 c";"275.01638333333";"-9.5957222222222";"0.0076800000000";"0.0076800000000";"";"";"";
"HD 168746 b";"275.45742916667";"-11.922683333333";"10.000000000000";"10.000000000000";"";"";"";
"HD 169830 b";"276.95618333333";"-29.816866666667";"0.0113300000000";"0.0113300000000";"";"";"";
"HD 169830 c";"276.95618333333";"-29.816866666667";"0.0113300000000";"0.0113300000000";"";"";"";
"HD 170469 b";"277.29575416667";"11.695502777778";"0.0092700000000";"0.0092700000000";"";"";"";
"HD 17092 b";"41.592145833333";"49.653072222222";"0.0147400000000";"0.0147400000000";"";"";"";
"HD 171028 b";"278.06455416667";"6.9457527777778";"0.0173300000000";"0.0173300000000";"";"";"";
"HD 171238 b";"278.68197083333";"-28.072313888889";"0.0135900000000";"0.0135900000000";"";"";"";
"HD 17156 b";"42.435362500000";"71.753233333333";"0.0071900000000";"0.0071900000000";"";"";"";
"HD 173416 b";"280.90045833333";"36.556605555556";"0.0057100000000";"0.0057100000000";"";"";"";
"HD 175167 b";"285.00348333333";"-69.944244444445";"0.0057900000000";"0.0057900000000";"";"";"";
"HD 175541 b";"283.92035000000";"4.2653250000000";"0.0087200000000";"0.0087200000000";"";"";"";
"HD 176051 b";"284.25671250000";"32.901272222222";"0.0046100000000";"0.0046100000000";"";"";"";
"HD 177830 b";"286.33655833333";"25.920661111111";"0.0060200000000";"0.0060200000000";"";"";"";
"HD 178911 B b";"287.26293333333";"34.599847222222";"0.0679900000000";"0.0679900000000";"";"";"";
"HD 179079 b";"287.79095416667";"-2.6383833333333";"0.0077500000000";"0.0077500000000";"";"";"";
"HD 179949 b";"288.88845000000";"-24.179352777778";"0.0081100000000";"0.0081100000000";"";"";"";
"HD 180902 b";"289.82378750000";"-23.558155555556";"0.0084700000000";"0.0084700000000";"";"";"";
"HD 181342 b";"290.26762916667";"-23.619572222222";"0.0077100000000";"0.0077100000000";"";"";"";
"HD 181433 b";"291.28985833333";"-66.468797222222";"0.0093300000000";"0.0093300000000";"";"";"";
"HD 181433 c";"291.28985833333";"-66.468797222222";"0.0093300000000";"0.0093300000000";"";"";"";
"HD 181433 d";"291.28985833333";"-66.468797222222";"0.0093300000000";"0.0093300000000";"";"";"";
"HD 181720 b";"290.72077500000";"-32.919055555556";"0.0133800000000";"0.0133800000000";"";"";"";
"HD 183263 b";"292.10238750000";"8.3580555555556";"0.0102600000000";"0.0102600000000";"";"";"";
"HD 183263 c";"292.10238750000";"8.3580555555556";"0.0102600000000";"0.0102600000000";"";"";"";
"HD 185269 b";"294.29892083333";"28.499863888889";"0.0053800000000";"0.0053800000000";"";"";"";
"HD 187085 b";"297.39152916667";"-37.780550000000";"0.0126000000000";"0.0126000000000";"";"";"";
"HD 187123 b";"296.74213750000";"34.419525000000";"0.0058800000000";"0.0058800000000";"";"";"";
"HD 187123 c";"296.74213750000";"34.419525000000";"0.0058800000000";"0.0058800000000";"";"";"";
"HD 188015 b";"298.01892916667";"28.100377777778";"0.0065000000000";"0.0065000000000";"";"";"";
"HD 189733 b";"300.18213750000";"22.710852777778";"0.0067100000000";"0.0067100000000";"";"";"";
"HD 190360 b";"300.90585833333";"29.896805555556";"0.0045200000000";"0.0045200000000";"";"";"";
"HD 190360 c";"300.90585833333";"29.896805555556";"0.0045200000000";"0.0045200000000";"";"";"";
"HD 190647 b";"301.83195833333";"-35.538633333333";"0.0096400000000";"0.0096400000000";"";"";"";
"HD 190984 b";"302.87798750000";"-64.620469444444";"0.0099400000000";"0.0099400000000";"";"";"";
"HD 192263 b";"303.49935416667";"-0.8668777777778";"0.0152000000000";"0.0152000000000";"";"";"";
"HD 192699 b";"304.02501666667";"4.5807944444444";"0.0074500000000";"0.0074500000000";"";"";"";
"HD 195019 b";"307.07765000000";"18.769497222222";"0.0077100000000";"0.0077100000000";"";"";"";
"HD 196050 b";"309.46545833333";"-60.634480555556";"0.0060400000000";"0.0060400000000";"";"";"";
"HD 196885 b";"309.96615000000";"11.249650000000";"0.0073900000000";"0.0073900000000";"";"";"";
"HD 19994 b";"48.193487500000";"-1.1961000000000";"0.0076100000000";"0.0076100000000";"";"";"";
"HD 200964 b";"316.66600833333";"3.8031194444444";"0.0107000000000";"0.0107000000000";"";"";"";
"HD 200964 c";"316.66600833333";"3.8031194444444";"0.0107000000000";"0.0107000000000";"";"";"";
"HD 202206 b";"318.74070416667";"-20.789208333333";"0.0121400000000";"0.0121400000000";"";"";"";
"HD 202206 c";"318.74070416667";"-20.789208333333";"0.0121400000000";"0.0121400000000";"";"";"";
"HD 20367 b";"49.416858333333";"31.127047222222";"0.0081900000000";"0.0081900000000";"";"";"";
"HD 2039 b";"6.0844916666667";"-56.650047222222";"0.0083600000000";"0.0083600000000";"";"";"";
"HD 204313 b";"322.05085833333";"-21.726255555556";"0.0089900000000";"0.0089900000000";"";"";"";
"HD 205739 b";"324.53502500000";"-31.737483333333";"0.0100700000000";"0.0100700000000";"";"";"";
"HD 206610 b";"325.85375000000";"-7.4082527777778";"0.0113400000000";"0.0113400000000";"";"";"";
"HD 20782 b";"50.014908333333";"-28.854072222222";"0.0065800000000";"0.0065800000000";"";"";"";
"HD 208487 b";"329.33270000000";"-37.763622222222";"0.0078700000000";"0.0078700000000";"";"";"";
"HD 20868 b";"50.177891666667";"-33.730102777778";"0.0098200000000";"0.0098200000000";"";"";"";
"HD 209458 b";"330.79491666667";"18.884361111111";"0.0600000000000";"0.0600000000000";"";"";"";
"HD 210277 b";"332.37444166667";"-7.5486555555556";"0.0069300000000";"0.0069300000000";"";"";"";
"HD 210702 b";"332.96387916667";"16.040550000000";"0.0066900000000";"0.0066900000000";"";"";"";
"HD 212301 b";"336.87883333333";"-77.717922222222";"0.0076100000000";"0.0076100000000";"";"";"";
"HD 212771 b";"336.76280000000";"-17.263658333333";"0.0111100000000";"0.0111100000000";"";"";"";
"HD 213240 b";"337.75152916667";"-49.433269444444";"0.0057800000000";"0.0057800000000";"";"";"";
"HD 215497 b";"341.65314166667";"-56.599533333333";"0.0097400000000";"0.0097400000000";"";"";"";
"HD 215497 c";"341.65314166667";"-56.599533333333";"0.0097400000000";"0.0097400000000";"";"";"";
"HD 216435 b";"343.40805000000";"-48.598286111111";"0.0032500000000";"0.0032500000000";"";"";"";
"HD 216437 b";"343.66450416667";"-70.073708333333";"10.000000000000";"10.000000000000";"";"";"";
"HD 216770 b";"343.97379166667";"-26.658763888889";"0.0103600000000";"0.0103600000000";"";"";"";
"HD 217107 b";"344.56475416667";"-2.3953833333333";"10.000000000000";"10.000000000000";"";"";"";
"HD 217107 c";"344.56475416667";"-2.3953833333333";"10.000000000000";"10.000000000000";"";"";"";
"HD 219449 b";"348.97289583333";"-9.0877361111111";"0.0129000000000";"0.0129000000000";"";"";"";
"HD 219828 b";"349.69472916667";"18.645719444445";"0.0097000000000";"0.0097000000000";"";"";"";
"HD 221287 b";"352.83474583333";"-58.209733333333";"0.0055300000000";"0.0055300000000";"";"";"";
"HD 222582 b";"355.46470833333";"-5.9857583333333";"0.0109500000000";"0.0109500000000";"";"";"";
"HD 224693 b";"359.97430416667";"-22.428113888889";"0.0095700000000";"0.0095700000000";"";"";"";
"HD 23079 b";"54.929562500000";"-52.915838888889";"0.0055700000000";"0.0055700000000";"";"";"";
"HD 23127 b";"54.848495833333";"-60.077841666667";"0.0084700000000";"0.0084700000000";"";"";"";
"HD 231701 b";"293.01733750000";"16.474288888889";"0.0085000000000";"0.0085000000000";"";"";"";
"HD 23596 b";"57.001558333333";"40.530636111111";"0.0078500000000";"0.0078500000000";"";"";"";
"HD 240210 b";"347.62179166667";"57.029455555556";"0.0344200000000";"0.0344200000000";"";"";"";
"HD 2638 b";"7.4994666666667";"-5.7640027777778";"0.0130900000000";"0.0130900000000";"";"";"";
"HD 27442 b";"64.120954166667";"-59.302155555556";"0.0047600000000";"0.0047600000000";"";"";"";
"HD 27894 b";"65.196029166667";"-59.410836111111";"0.0093500000000";"0.0093500000000";"";"";"";
"HD 28185 b";"66.609670833333";"-10.550819444444";"0.0091100000000";"0.0091100000000";"";"";"";
"HD 28254 b";"66.211270833333";"-50.622191666667";"0.0058700000000";"0.0058700000000";"";"";"";
"HD 285968 b";"70.732404166667";"18.958172222222";"0.0292900000000";"0.0292900000000";"";"";"";
"HD 290327 b";"80.839854166667";"-2.2776194444444";"0.0117100000000";"0.0117100000000";"";"";"";
"HD 30177 b";"70.476554166667";"-58.020755555556";"0.0086700000000";"0.0086700000000";"";"";"";
"HD 30562 b";"72.151608333333";"-5.6740444444445";"0.0070400000000";"0.0070400000000";"";"";"";
"HD 32518 b";"77.402995833334";"69.639400000000";"0.0062500000000";"0.0062500000000";"";"";"";
"HD 330075 b";"237.40704583333";"-49.963525000000";"0.0125700000000";"0.0125700000000";"";"";"";
"HD 33283 b";"77.004216666667";"-26.797472222222";"0.0077300000000";"0.0077300000000";"";"";"";
"HD 33564 b";"80.639716666667";"79.231147222222";"0.0044500000000";"0.0044500000000";"";"";"";
"HD 34445 b";"79.420745833333";"7.3533444444444";"0.0094000000000";"0.0094000000000";"";"";"";
"HD 3651 b";"9.8408583333334";"21.250472222222";"0.0065300000000";"0.0065300000000";"";"";"";
"HD 37124 b";"84.260358333333";"20.730788888889";"0.0130300000000";"0.0130300000000";"";"";"";
"HD 37124 c";"84.260358333333";"20.730788888889";"0.0130300000000";"0.0130300000000";"";"";"";
"HD 37124 d";"84.260358333333";"20.730788888889";"0.0130300000000";"0.0130300000000";"";"";"";
"HD 37605 b";"85.007208333333";"6.0605805555556";"0.0119400000000";"0.0119400000000";"";"";"";
"HD 38529 b";"86.645466666667";"1.1681944444445";"0.0070900000000";"0.0070900000000";"";"";"";
"HD 38529 c";"86.645466666667";"1.1681944444445";"0.0070900000000";"0.0070900000000";"";"";"";
"HD 38801 b";"86.996562500000";"-8.3277000000000";"0.0133700000000";"0.0133700000000";"";"";"";
"HD 39091 b";"84.291216666667";"-80.469122222222";"0.0050500000000";"0.0050500000000";"";"";"";
"HD 40307 b";"88.517670833333";"-60.023472222222";"0.0058600000000";"0.0058600000000";"";"";"";
"HD 40307 c";"88.517670833333";"-60.023472222222";"0.0058600000000";"0.0058600000000";"";"";"";
"HD 40307 d";"88.517670833333";"-60.023472222222";"0.0058600000000";"0.0058600000000";"";"";"";
"HD 40979 b";"91.124762500000";"44.260444444445";"0.0078800000000";"0.0078800000000";"";"";"";
"HD 41004 A b";"89.956870833333";"-48.239691666667";"0.0102100000000";"0.0102100000000";"";"";"";
"HD 41004 B b";"89.956870833333";"-48.239691666667";"10.000000000000";"10.000000000000";"";"";"";
"HD 4113 b";"10.802487500000";"-37.982630555556";"0.0082600000000";"0.0082600000000";"";"";"";
"HD 4203 b";"11.171675000000";"20.448927777778";"0.0099300000000";"0.0099300000000";"";"";"";
"HD 4208 b";"11.111041666667";"-26.515680555556";"0.0081100000000";"0.0081100000000";"";"";"";
"HD 4308 b";"11.163616666667";"-65.649522222222";"0.0045900000000";"0.0045900000000";"";"";"";
"HD 4313 b";"11.418162500000";"7.8450194444445";"0.0077500000000";"0.0077500000000";"";"";"";
"HD 43197 b";"93.398587500000";"-29.897269444444";"0.0176500000000";"0.0176500000000";"";"";"";
"HD 43691 b";"94.894487500000";"41.092305555556";"0.0110900000000";"0.0110900000000";"";"";"";
"HD 44219 b";"95.059675000000";"-10.725008333333";"0.0096000000000";"0.0096000000000";"";"";"";
"HD 45350 b";"97.190458333333";"38.962963888889";"0.0090400000000";"0.0090400000000";"";"";"";
"HD 45364 b";"96.410312500000";"-31.480952777778";"0.0072800000000";"0.0072800000000";"";"";"";
"HD 45364 c";"96.410312500000";"-31.480952777778";"0.0072800000000";"0.0072800000000";"";"";"";
"HD 45652 b";"97.304966666667";"10.933891666667";"0.0106100000000";"0.0106100000000";"";"";"";
"HD 46375 b";"98.302600000000";"5.4629250000000";"0.0078100000000";"0.0078100000000";"";"";"";
"HD 47186 b";"99.036616666667";"-27.622297222222";"0.0059900000000";"0.0059900000000";"";"";"";
"HD 47186 c";"99.036616666667";"-27.622297222222";"0.0059900000000";"0.0059900000000";"";"";"";
"HD 47536 b";"99.448412500000";"-32.339733333333";"0.0045400000000";"0.0045400000000";"";"";"";
"HD 47536 c";"99.448412500000";"-32.339733333333";"0.0045400000000";"0.0045400000000";"";"";"";
"HD 48265 b";"100.00719583333";"-48.541955555556";"0.0064600000000";"0.0064600000000";"";"";"";
"HD 49674 b";"102.87715000000";"40.867755555556";"0.0104400000000";"0.0104400000000";"";"";"";
"HD 50499 b";"103.00843333333";"-33.915561111111";"0.0059400000000";"0.0059400000000";"";"";"";
"HD 50554 b";"103.67843750000";"24.245558333333";"0.0095900000000";"0.0095900000000";"";"";"";
"HD 52265 b";"105.07515000000";"-5.3671611111111";"0.0058100000000";"0.0058100000000";"";"";"";
"HD 5319 b";"13.755837500000";"0.7895527777778";"0.0088600000000";"0.0088600000000";"";"";"";
"HD 5388 b";"13.799541666667";"-47.405966666667";"0.0067200000000";"0.0067200000000";"";"";"";
"HD 59686 b";"112.95165416667";"17.086044444444";"0.0057700000000";"0.0057700000000";"";"";"";
"HD 60532 b";"113.51325000000";"-22.296066666667";"0.0063800000000";"0.0063800000000";"";"";"";
"HD 60532 c";"113.51325000000";"-22.296066666667";"0.0063800000000";"0.0063800000000";"";"";"";
"HD 62509 b";"116.32895833333";"28.026197222222";"0.0090500000000";"0.0090500000000";"";"";"";
"HD 63454 b";"114.84104583333";"-78.278972222222";"0.0089400000000";"0.0089400000000";"";"";"";
"HD 63765 b";"116.95716250000";"-54.264144444445";"0.0077400000000";"0.0077400000000";"";"";"";
"HD 6434 b";"16.167295833333";"-39.488216666667";"0.0072000000000";"0.0072000000000";"";"";"";
"HD 65216 b";"118.42217500000";"-63.647322222222";"0.0087300000000";"0.0087300000000";"";"";"";
"HD 66428 b";"120.86943750000";"-1.1627083333333";"0.0109800000000";"0.0109800000000";"";"";"";
"HD 6718 b";"16.952762500000";"-8.2337055555555";"0.0092600000000";"0.0092600000000";"";"";"";
"HD 68988 b";"124.59238750000";"61.460722222222";"0.0062900000000";"0.0062900000000";"";"";"";
"HD 69830 b";"124.59977916667";"-12.632172222222";"0.0065400000000";"0.0065400000000";"";"";"";
"HD 69830 c";"124.59977916667";"-12.632172222222";"0.0065400000000";"0.0065400000000";"";"";"";
"HD 69830 d";"124.59977916667";"-12.632172222222";"0.0065400000000";"0.0065400000000";"";"";"";
"HD 70573 b";"125.70812916667";"1.8593194444445";"0.0213800000000";"0.0213800000000";"";"";"";
"HD 70642 b";"125.36723333333";"-39.705408333333";"0.0046600000000";"0.0046600000000";"";"";"";
"HD 72659 b";"128.51328750000";"-1.5682166666667";"0.0076900000000";"0.0076900000000";"";"";"";
"HD 73256 b";"129.09590000000";"-30.037627777778";"0.0051100000000";"0.0051100000000";"";"";"";
"HD 73267 b";"129.07406666667";"-34.459977777778";"0.0071300000000";"0.0071300000000";"";"";"";
"HD 73526 b";"129.31868333333";"-41.319102777778";"0.0082400000000";"0.0082400000000";"";"";"";
"HD 73526 c";"129.31868333333";"-41.319102777778";"0.0082400000000";"0.0082400000000";"";"";"";
"HD 73534 b";"129.81585000000";"12.960375000000";"0.0134300000000";"0.0134300000000";"";"";"";
"HD 74156 b";"130.60467500000";"4.5780972222222";"0.0105600000000";"0.0105600000000";"";"";"";
"HD 74156 c";"130.60467500000";"4.5780972222222";"0.0105600000000";"0.0105600000000";"";"";"";
"HD 74156 d";"130.60467500000";"4.5780972222222";"0.0105600000000";"0.0105600000000";"";"";"";
"HD 75289 b";"131.91828750000";"-41.736791666667";"0.0042100000000";"0.0042100000000";"";"";"";
"HD 75898 b";"133.46168750000";"33.056811111111";"0.0104200000000";"0.0104200000000";"";"";"";
"HD 76700 b";"133.48131250000";"-66.800991666667";"0.0068800000000";"0.0068800000000";"";"";"";
"HD 7924 b";"20.496312500000";"76.710283333333";"0.0056100000000";"0.0056100000000";"";"";"";
"HD 80606 b";"140.65653333333";"50.603722222222";"0.0555100000000";"0.0555100000000";"";"";"";
"HD 81040 b";"140.94619583333";"20.364452777778";"0.0089800000000";"0.0089800000000";"";"";"";
"HD 81688 b";"142.16662083333";"45.601483333333";"0.0063200000000";"0.0063200000000";"";"";"";
"HD 82943 b";"143.71140000000";"-12.129544444444";"0.0079900000000";"0.0079900000000";"";"";"";
"HD 82943 c";"143.71140000000";"-12.129544444444";"0.0079900000000";"0.0079900000000";"";"";"";
"HD 83443 b";"144.29928333333";"-43.272205555556";"0.0069700000000";"0.0069700000000";"";"";"";
"HD 8535 b";"20.905150000000";"-41.269800000000";"0.0058500000000";"0.0058500000000";"";"";"";
"HD 85390 b";"147.51040416667";"-49.790266666667";"0.0065000000000";"0.0065000000000";"";"";"";
"HD 8574 b";"21.302154166667";"28.566694444444";"0.0084200000000";"0.0084200000000";"";"";"";
"HD 86081 b";"149.02465833333";"-3.8084222222222";"0.0111800000000";"0.0111800000000";"";"";"";
"HD 86226 b";"149.12435416667";"-24.099388888889";"0.0078900000000";"0.0078900000000";"";"";"";
"HD 86264 b";"149.24099583333";"-15.895122222222";"0.0081200000000";"0.0081200000000";"";"";"";
"HD 8673 b";"21.536604166667";"34.579700000000";"0.0059700000000";"0.0059700000000";"";"";"";
"HD 87883 b";"152.17975000000";"34.242258333333";"0.0070800000000";"0.0070800000000";"";"";"";
"HD 88133 b";"152.53197916667";"18.186872222222";"0.0105900000000";"0.0105900000000";"";"";"";
"HD 89307 b";"154.58870000000";"12.621108333333";"0.0083700000000";"0.0083700000000";"";"";"";
"HD 89744 b";"155.54400833333";"41.229530555556";"0.0052700000000";"0.0052700000000";"";"";"";
"HD 90156 b";"155.98031250000";"-29.645530555556";"0.0062900000000";"0.0062900000000";"";"";"";
"HD 92788 b";"160.70220416667";"-2.1837555555556";"0.0097500000000";"0.0097500000000";"";"";"";
"HD 93083 b";"161.08714583333";"-33.577022222222";"0.0094800000000";"0.0094800000000";"";"";"";
"HD 9446 b";"23.334100000000";"29.265147222222";"0.0090300000000";"0.0090300000000";"";"";"";
"HD 9446 c";"23.334100000000";"29.265147222222";"0.0090300000000";"0.0090300000000";"";"";"";
"HD 95089 b";"164.69890000000";"1.7292166666667";"0.0099800000000";"0.0099800000000";"";"";"";
"HD 9578 b";"23.321433333333";"-38.245016666667";"0.0063700000000";"0.0063700000000";"";"";"";
"HD 96167 b";"166.31278333333";"-10.291300000000";"0.0124000000000";"0.0124000000000";"";"";"";
"HD 99109 b";"171.07232500000";"-1.5290750000000";"0.0114300000000";"0.0114300000000";"";"";"";
"HD 99492 b";"171.69282083333";"3.0063277777778";"0.0403100000000";"0.0403100000000";"";"";"";
"HIP 12961 b";"41.678691666667";"-23.086611111111";"0.0138000000000";"0.0138000000000";"";"";"";
"HIP 14810 b";"47.809291666667";"21.097358333333";"0.0164700000000";"0.0164700000000";"";"";"";
"HIP 14810 c";"47.809291666667";"21.097358333333";"0.0164700000000";"0.0164700000000";"";"";"";
"HIP 14810 d";"47.809291666667";"21.097358333333";"0.0164700000000";"0.0164700000000";"";"";"";
"HIP 5158 b";"16.508533333333";"-22.453152777778";"0.0179800000000";"0.0179800000000";"";"";"";
"HIP 57050 b";"175.43597083333";"42.751975000000";"0.0194900000000";"0.0194900000000";"";"";"";
"HIP 70849 b";"217.32734583333";"-46.463816666667";"0.0177700000000";"0.0177700000000";"";"";"";
"HIP 75458 b";"231.23239583333";"58.966066666667";"0.0041600000000";"0.0041600000000";"";"";"";
"HIP 79431 b";"243.17406250000";"-18.875502777778";"0.0271400000000";"0.0271400000000";"";"";"";
"HR 810 b";"40.639441666667";"-50.800294444444";"0.0044300000000";"0.0044300000000";"";"";"";
"HR 8799 b";"346.86964583333";"21.134250000000";"0.0066000000000";"0.0066000000000";"";"";"";
"HR 8799 c";"346.86964583333";"21.134250000000";"0.0066000000000";"0.0066000000000";"";"";"";
"HR 8799 d";"346.86964583333";"21.134250000000";"0.0066000000000";"0.0066000000000";"";"";"";
"HW Vir b";"191.08432083333";"-8.6713444444444";"0.0169300000000";"0.0169300000000";"";"";"";
"HW Vir c";"191.08432083333";"-8.6713444444444";"0.0169300000000";"0.0169300000000";"";"";"";
"kappa CrB b";"237.80805000000";"35.657380555556";"0.0057700000000";"0.0057700000000";"";"";"";
"Kepler-4 b";"285.61532083333";"50.135752777778";"0.0700000000000";"0.0700000000000";"";"";"";
"Kepler-5 b";"299.40700833333";"44.035047222222";"0.0600000000000";"0.0600000000000";"";"";"";
"Kepler-6 b";"296.83725416667";"48.239963888889";"0.0700000000000";"0.0700000000000";"";"";"";
"Kepler-7 b";"288.58151666667";"41.089805555556";"0.0600000000000";"0.0600000000000";"";"";"";
"Kepler-8 b";"281.28811666667";"42.451080555556";"0.0700000000000";"0.0700000000000";"";"";"";
"Kepler-9 b";"285.57398333333";"38.400883333333";"0.0300000000000";"0.0300000000000";"";"";"";
"Kepler-9 c";"285.57398333333";"38.400883333333";"0.0300000000000";"0.0300000000000";"";"";"";
"ksi Aql b";"298.56200833333";"8.4614527777778";"0.0069500000000";"0.0069500000000";"";"";"";
"MOA-2007-BLG-192-L b";"272.01582500000";"-27.150075000000";"10.000000000000";"10.000000000000";"";"";"";
"MOA-2007-BLG-400-L b";"272.42491666667";"-29.224152777778";"10.000000000000";"10.000000000000";"";"";"";
"MOA-2008-BLG-310-L b";"256.31054166667";"-34.778055555556";"10.000000000000";"10.000000000000";"";"";"";
"MOA-2009-BLG-319 b";"271.74166666667";"-26.819722222222";"10.000000000000";"10.000000000000";"";"";"";
"mu Ara b";"266.03626250000";"-51.834052777778";"0.0089700000000";"0.0089700000000";"";"";"";
"mu Ara c";"266.03626250000";"-51.834052777778";"0.0089700000000";"0.0089700000000";"";"";"";
"mu Ara d";"266.03626250000";"-51.834052777778";"0.0089700000000";"0.0089700000000";"";"";"";
"mu Ara e";"266.03626250000";"-51.834052777778";"0.0089700000000";"0.0089700000000";"";"";"";
"NGC 2423 3 b";"114.28849166667";"-13.906658333333";"0.0490000000000";"0.0490000000000";"";"";"";
"NGC 4349 No 127 b";"185.79583333333";"52.000000000000";"10.000000000000";"10.000000000000";"";"";"";
"OGLE-05-071L b";"267.53750000000";"-34.673055555556";"10.000000000000";"10.000000000000";"";"";"";
"OGLE-2007-BLG-368L b";"269.10816666667";"-32.237416666667";"10.000000000000";"10.000000000000";"";"";"";
"OGLE-TR-10 b";"267.86770833333";"-29.876361111111";"10.000000000000";"10.000000000000";"";"";"";
"OGLE-TR-111 b";"163.32462500000";"-61.405638888889";"10.000000000000";"10.000000000000";"";"";"";
"OGLE-TR-113 b";"163.10166666667";"-61.446805555556";"10.000000000000";"10.000000000000";"";"";"";
"OGLE-TR-132 b";"162.64466666667";"-61.957194444445";"10.000000000000";"10.000000000000";"";"";"";
"OGLE-TR-182 b";"167.32795833333";"-61.095250000000";"0.0700000000000";"0.0700000000000";"";"";"";
"OGLE-TR-211 b";"160.05995833333";"-62.455611111111";"0.0600000000000";"0.0600000000000";"";"";"";
"OGLE-TR-56 b";"269.14795833333";"-29.539222222222";"10.000000000000";"10.000000000000";"";"";"";
"OGLE235-MOA53 b";"271.31812500000";"-28.895000000000";"10.000000000000";"10.000000000000";"";"";"";
"PSR B1620-26 b";"245.90925833333";"-26.531602777778";"10.000000000000";"10.000000000000";"";"";"";
"rho CrB b";"240.26109166667";"33.303508333333";"0.0080300000000";"0.0080300000000";"";"";"";
"tau Boo b";"206.81559583333";"17.456905555556";"0.0057800000000";"0.0057800000000";"";"";"";
"ups And b";"24.199345833333";"41.405458333333";"0.0046100000000";"0.0046100000000";"";"";"";
"ups And c";"24.199345833333";"41.405458333333";"0.0046100000000";"0.0046100000000";"";"";"";
"ups And d";"24.199345833333";"41.405458333333";"0.0046100000000";"0.0046100000000";"";"";"";
"UScoCTIO 108 b";"241.47475000000";"-18.311861111111";"10.000000000000";"10.000000000000";"";"";"";
"V391 Peg b";"331.05083333333";"26.418888888889";"10.000000000000";"10.000000000000";"";"";"";
"WASP-1 b";"5.1669875000000";"31.989941666667";"0.1120000000000";"0.1120000000000";"";"";"";
"WASP-10 b";"348.99291250000";"31.462855555556";"0.0210000000000";"0.0210000000000";"";"";"";
"WASP-11/HAT-P-10 b";"47.368958333333";"30.673583333333";"0.0900000000000";"0.0900000000000";"";"";"";
"WASP-12 b";"97.636641666667";"29.672302777778";"0.0180000000000";"0.0180000000000";"";"";"";
"WASP-13 b";"140.10295833333";"33.882444444445";"10.000000000000";"10.000000000000";"";"";"";
"WASP-14 b";"218.27647916667";"21.894716666667";"0.0290500000000";"0.0290500000000";"";"";"";
"WASP-15 b";"208.92795833333";"-32.159611111111";"0.0600000000000";"0.0600000000000";"";"";"";
"WASP-16 b";"214.68300833333";"-20.275513888889";"0.0150000000000";"0.0150000000000";"";"";"";
"WASP-17 b";"239.96227916667";"-28.061758333333";"0.0140000000000";"0.0140000000000";"";"";"";
"WASP-18 b";"24.354312500000";"-45.677886111111";"0.0084500000000";"0.0084500000000";"";"";"";
"WASP-19 b";"148.41698750000";"-45.659183333333";"0.0150000000000";"0.0150000000000";"";"";"";
"WASP-2 b";"307.72554166667";"6.4295472222222";"0.0150000000000";"0.0150000000000";"";"";"";
"WASP-21 b";"347.49272500000";"18.396077777778";"0.0160000000000";"0.0160000000000";"";"";"";
"WASP-22 b";"52.818016666667";"-23.819697222222";"0.0170000000000";"0.0170000000000";"";"";"";
"WASP-24 b";"227.21557916667";"2.3433194444445";"0.0170000000000";"0.0170000000000";"";"";"";
"WASP-25 b";"195.35989166667";"-27.522205555556";"0.0230000000000";"0.0230000000000";"";"";"";
"WASP-26 b";"4.6029208333333";"-15.267305555556";"0.0180000000000";"0.0180000000000";"";"";"";
"WASP-28 b";"353.61617083333";"-1.5800361111111";"0.0210000000000";"0.0210000000000";"";"";"";
"WASP-29 b";"357.87952083333";"-39.906738888889";"0.0150000000000";"0.0150000000000";"";"";"";
"WASP-3 b";"278.63177083333";"35.661541666667";"0.0501600000000";"0.0501600000000";"";"";"";
"WASP-32 b";"4.6029000000000";"1.4780111111111";"0.0160000000000";"0.0160000000000";"";"";"";
"WASP-33 b";"36.712745833333";"37.550483333333";"0.0092900000000";"0.0092900000000";"";"";"";
"WASP-37 b";"221.94400000000";"1.0649583333333";"0.0160000000000";"0.0160000000000";"";"";"";
"WASP-38 b";"243.95985000000";"10.032591666667";"0.0280400000000";"0.0280400000000";"";"";"";
"WASP-4 b";"353.56275000000";"-42.061416666667";"0.3000000000000";"0.3000000000000";"";"";"";
"WASP-5 b";"359.34899583333";"-41.277150000000";"0.0160000000000";"0.0160000000000";"";"";"";
"WASP-6 b";"348.15725000000";"-22.673944444444";"0.0600000000000";"0.0600000000000";"";"";"";
"WASP-7 b";"311.04257916667";"-39.225247222222";"0.0352900000000";"0.0352900000000";"";"";"";
"WASP-8 b";"359.90028333333";"-35.031352777778";"0.0313400000000";"0.0313400000000";"";"";"";
"XO-1 b";"240.54933333333";"28.169563888889";"0.0600000000000";"0.0600000000000";"";"";"";
"XO-2 b";"117.02695000000";"50.225822222222";"0.0740000000000";"0.0740000000000";"";"";"";
"XO-3 b";"65.469604166667";"57.817191666667";"0.0301200000000";"0.0301200000000";"";"";"";
"XO-4 b";"110.38819166667";"58.268055555556";"0.0445100000000";"0.0445100000000";"";"";"";
"XO-5 b";"116.71649583333";"39.094575000000";"0.0190000000000";"0.0190000000000";"";"";"";
